produccion,area,PRECTOTCORR_SUM,RH2M,T2M,T2MDEW,T2MWET,T2M_MAX,T2M_MIN,WS2M,fecha,canton_id
5.6,119.0,171.9,90.67,19.2,17.37,18.28,24.04,15.68,0.16,2015-01-01,4
18.55,525.925,107.62,89.37,19.11,17.01,18.06,24.87,15.11,0.16,2015-02-01,4
1.4,30.0,79.44,86.31,19.49,16.73,18.11,26.38,14.65,0.16,2015-03-01,4
7.7,183.0,115.93,85.46,20.8,17.82,19.31,28.75,15.02,0.14,2015-04-01,4
29.6,878.0,253.66,89.03,20.93,18.7,19.81,26.83,14.52,0.13,2015-05-01,4
35.35,879.45,268.78,92.44,21.3,19.82,20.56,27.05,17.81,0.14,2015-06-01,4
58.45,1415.15,245.76,92.27,20.57,19.04,19.8,25.82,16.75,0.13,2015-07-01,4
76.8,2053.47,167.49,90.63,20.86,18.98,19.92,26.46,16.18,0.11,2015-08-01,4
8.4,199.2,271.54,92.01,20.85,19.24,20.04,26.37,15.8,0.13,2015-09-01,4
7.7,190.9,291.49,91.34,21.14,19.39,20.27,26.93,16.92,0.15,2015-10-01,4
14.7,356.8999999999999,260.8,92.71,20.57,19.11,19.84,25.73,16.28,0.16,2015-11-01,4
3.15,91.3,129.76,91.26,20.72,18.98,19.85,25.43,16.26,0.15,2015-12-01,4
36.4,848.0,171.9,90.67,19.2,17.37,18.28,24.04,15.68,0.16,2015-01-01,3
62.2,1467.0,107.62,89.37,19.11,17.01,18.06,24.87,15.11,0.16,2015-02-01,3
102.8,2269.815,79.44,86.31,19.49,16.73,18.11,26.38,14.65,0.16,2015-03-01,3
29.95,697.28,115.93,85.46,20.8,17.82,19.31,28.75,15.02,0.14,2015-04-01,3
8.4,194.0,253.66,89.03,20.93,18.7,19.81,26.83,14.52,0.13,2015-05-01,3
7.699999999999999,182.2,268.78,92.44,21.3,19.82,20.56,27.05,17.81,0.14,2015-06-01,3
18.375,441.975,245.76,92.27,20.57,19.04,19.8,25.82,16.75,0.13,2015-07-01,3
60.9,1339.6,167.49,90.63,20.86,18.98,19.92,26.46,16.18,0.11,2015-08-01,3
102.7,2333.6,271.54,92.01,20.85,19.24,20.04,26.37,15.8,0.13,2015-09-01,3
93.7,2194.56,291.49,91.34,21.14,19.39,20.27,26.93,16.92,0.15,2015-10-01,3
57.275,1530.0700000000002,260.8,92.71,20.57,19.11,19.84,25.73,16.28,0.16,2015-11-01,3
53.34,1341.4045,129.76,91.26,20.72,18.98,19.85,25.43,16.26,0.15,2015-12-01,3
2.1,37.0,121.79,82.23,20.67,17.34,19.01,25.39,16.59,0.49,2015-01-01,2
0.049,0.8134,81.75,79.69,20.89,16.94,18.91,27.04,16.62,0.49,2015-02-01,2
3.018,49.4462,62.57,74.41,21.65,16.4,19.02,28.43,16.33,0.48,2015-03-01,2
0.4,8.0,122.0,77.55,22.42,17.84,20.13,28.54,16.79,0.45,2015-04-01,2
0.7,13.0,302.88,84.05,22.15,19.02,20.59,28.06,16.74,0.42,2015-05-01,2
0.7,13.0,350.32,89.71,22.23,20.27,21.25,27.0,19.3,0.44,2015-06-01,2
2.534,58.11659999999999,293.79,88.29,21.68,19.44,20.56,27.06,17.92,0.39,2015-07-01,2
1.2,17.4,196.15,86.1,21.9,19.22,20.56,27.1,17.87,0.41,2015-08-01,2
0.7,12.5,298.02,88.94,21.7,19.56,20.63,26.63,16.95,0.45,2015-09-01,2
4.613,110.751,414.12,90.42,21.66,19.79,20.73,26.42,18.63,0.5,2015-10-01,2
2.738,63.738,264.42,90.9,21.38,19.62,20.5,25.89,17.98,0.49,2015-11-01,2
31.85,1204.3300000000002,134.46,84.98,22.06,19.2,20.62,26.44,18.09,0.39,2015-12-01,2
79.85,1638.0,171.9,90.67,19.2,17.37,18.28,24.04,15.68,0.16,2015-01-01,1
32.65,715.9,107.62,89.37,19.11,17.01,18.06,24.87,15.11,0.16,2015-02-01,1
105.05,2597.245,79.44,86.31,19.49,16.73,18.11,26.38,14.65,0.16,2015-03-01,1
74.4,1862.0,115.93,85.46,20.8,17.82,19.31,28.75,15.02,0.14,2015-04-01,1
35.3,878.0,253.66,89.03,20.93,18.7,19.81,26.83,14.52,0.13,2015-05-01,1
72.4,1775.88,268.78,92.44,21.3,19.82,20.56,27.05,17.81,0.14,2015-06-01,1
78.4,2023.125,245.76,92.27,20.57,19.04,19.8,25.82,16.75,0.13,2015-07-01,1
105.665,2675.6455,167.49,90.63,20.86,18.98,19.92,26.46,16.18,0.11,2015-08-01,1
103.093,5111.900000000001,271.54,92.01,20.85,19.24,20.04,26.37,15.8,0.13,2015-09-01,1
68.6,1734.5,291.49,91.34,21.14,19.39,20.27,26.93,16.92,0.15,2015-10-01,1
50.75,1231.411,260.8,92.71,20.57,19.11,19.84,25.73,16.28,0.16,2015-11-01,1
57.4,1355.42,129.76,91.26,20.72,18.98,19.85,25.43,16.26,0.15,2015-12-01,1
48.6,1198.5,171.9,90.67,19.2,17.37,18.28,24.04,15.68,0.16,2015-01-01,0
52.5,1133.45,107.62,89.37,19.11,17.01,18.06,24.87,15.11,0.16,2015-02-01,0
74.58,1621.417,79.44,86.31,19.49,16.73,18.11,26.38,14.65,0.16,2015-03-01,0
59.3,1395.0,115.93,85.46,20.8,17.82,19.31,28.75,15.02,0.14,2015-04-01,0
92.9,2188.0,253.66,89.03,20.93,18.7,19.81,26.83,14.52,0.13,2015-05-01,0
87.60000000000001,2207.2,268.78,92.44,21.3,19.82,20.56,27.05,17.81,0.14,2015-06-01,0
78.27000000000001,1945.135,245.76,92.27,20.57,19.04,19.8,25.82,16.75,0.13,2015-07-01,0
75.6,1893.1,167.49,90.63,20.86,18.98,19.92,26.46,16.18,0.11,2015-08-01,0
122.2,3286.9,271.54,92.01,20.85,19.24,20.04,26.37,15.8,0.13,2015-09-01,0
79.6,1966.91,291.49,91.34,21.14,19.39,20.27,26.93,16.92,0.15,2015-10-01,0
64.75,1627.66,260.8,92.71,20.57,19.11,19.84,25.73,16.28,0.16,2015-11-01,0
84.875,2146.588,129.76,91.26,20.72,18.98,19.85,25.43,16.26,0.15,2015-12-01,0
7.0,165.6,68.08,88.75,19.67,17.49,18.58,25.35,15.01,0.17,2016-01-01,4
0.7,16.6,120.74,88.27,19.68,17.36,18.52,26.51,15.34,0.15,2016-02-01,4
0.7,16.6,31.67,81.08,21.29,17.24,19.27,30.08,15.79,0.14,2016-03-01,4
0.7,16.6,92.15,80.55,21.93,17.71,19.82,29.72,15.6,0.14,2016-04-01,4
0.7,16.6,169.26,85.09,22.14,19.04,20.59,29.78,16.06,0.13,2016-05-01,4
0.7,16.6,323.1,91.43,21.03,19.31,20.17,26.79,16.08,0.14,2016-06-01,4
11.199999999999998,289.67,257.59,90.84,20.29,18.43,19.36,25.2,16.15,0.11,2016-07-01,4
23.1,616.69,261.78,90.94,21.01,19.19,20.1,26.33,16.73,0.14,2016-08-01,4
49.35,1261.6,196.69,90.57,20.64,18.74,19.69,25.96,15.9,0.14,2016-09-01,4
11.55,329.13,342.88,93.16,20.67,19.31,19.99,26.05,15.86,0.14,2016-10-01,4
1.75,45.54,384.79,93.65,20.18,18.93,19.55,25.63,15.53,0.16,2016-11-01,4
42.14,1112.75,176.91,93.04,19.65,18.25,18.95,24.82,15.44,0.14,2016-12-01,4
54.7,1190.9,68.08,88.75,19.67,17.49,18.58,25.35,15.01,0.17,2016-01-01,3
75.0,1659.95,120.74,88.27,19.68,17.36,18.52,26.51,15.34,0.15,2016-02-01,3
86.876,3386.75,31.67,81.08,21.29,17.24,19.27,30.08,15.79,0.14,2016-03-01,3
103.08,2245.98,92.15,80.55,21.93,17.71,19.82,29.72,15.6,0.14,2016-04-01,3
40.95,927.5250000000004,169.26,85.09,22.14,19.04,20.59,29.78,16.06,0.13,2016-05-01,3
44.27499999999999,1166.9799999999998,323.1,91.43,21.03,19.31,20.17,26.79,16.08,0.14,2016-06-01,3
42.875,1046.0075000000002,257.59,90.84,20.29,18.43,19.36,25.2,16.15,0.11,2016-07-01,3
105.0,2699.7825000000003,261.78,90.94,21.01,19.19,20.1,26.33,16.73,0.14,2016-08-01,3
98.875,2347.655,196.69,90.57,20.64,18.74,19.69,25.96,15.9,0.14,2016-09-01,3
65.1,1767.07,342.88,93.16,20.67,19.31,19.99,26.05,15.86,0.14,2016-10-01,3
57.755,1526.165,384.79,93.65,20.18,18.93,19.55,25.63,15.53,0.16,2016-11-01,3
125.475,3181.765,176.91,93.04,19.65,18.25,18.95,24.82,15.44,0.14,2016-12-01,3
2.1,49.7,52.03,81.71,21.29,17.78,19.53,26.26,16.65,0.48,2016-01-01,2
2.1,49.7,74.87,74.68,21.97,16.86,19.42,28.43,17.17,0.57,2016-02-01,2
0.7849999999999999,15.62,30.01,72.51,23.23,17.35,20.29,30.53,16.88,0.46,2016-03-01,2
0.44,11.41,86.62,76.45,23.14,18.07,20.61,30.14,17.13,0.49,2016-04-01,2
1.925,41.5,270.2,84.87,22.68,19.65,21.17,28.47,17.91,0.43,2016-05-01,2
0.35,8.715,299.53,90.02,21.67,19.73,20.7,26.09,18.69,0.46,2016-06-01,2
2.45,68.06,321.4,86.77,21.28,18.71,20.0,26.07,17.62,0.4,2016-07-01,2
2.45,68.06,324.92,89.69,21.63,19.63,20.63,26.09,18.65,0.47,2016-08-01,2
2.45,68.06,256.08,89.06,21.29,19.14,20.22,26.27,18.19,0.45,2016-09-01,2
1.7499999999999998,38.09,338.21,93.24,21.07,19.75,20.41,26.3,17.54,0.58,2016-10-01,2
1.5749999999999995,34.36,467.07,93.29,20.72,19.43,20.07,26.06,17.59,0.55,2016-11-01,2
4.325999999999999,94.41,178.09,87.8,20.51,18.21,19.36,24.77,16.76,0.41,2016-12-01,2
73.2,1461.4,68.08,88.75,19.67,17.49,18.58,25.35,15.01,0.17,2016-01-01,1
50.6,1407.5,120.74,88.27,19.68,17.36,18.52,26.51,15.34,0.15,2016-02-01,1
57.05,1679.55,31.67,81.08,21.29,17.24,19.27,30.08,15.79,0.14,2016-03-01,1
17.5,491.5700000000001,92.15,80.55,21.93,17.71,19.82,29.72,15.6,0.14,2016-04-01,1
8.75,197.54,169.26,85.09,22.14,19.04,20.59,29.78,16.06,0.13,2016-05-01,1
8.75,197.54,323.1,91.43,21.03,19.31,20.17,26.79,16.08,0.14,2016-06-01,1
20.65,509.205,257.59,90.84,20.29,18.43,19.36,25.2,16.15,0.11,2016-07-01,1
104.825,2476.72,261.78,90.94,21.01,19.19,20.1,26.33,16.73,0.14,2016-08-01,1
68.80999999999999,1551.8925000000004,196.69,90.57,20.64,18.74,19.69,25.96,15.9,0.14,2016-09-01,1
56.49000000000001,1367.01,342.88,93.16,20.67,19.31,19.99,26.05,15.86,0.14,2016-10-01,1
41.650000000000006,1044.6425,384.79,93.65,20.18,18.93,19.55,25.63,15.53,0.16,2016-11-01,1
47.78,1078.505,176.91,93.04,19.65,18.25,18.95,24.82,15.44,0.14,2016-12-01,1
83.33,2119.1,68.08,88.75,19.67,17.49,18.58,25.35,15.01,0.17,2016-01-01,0
42.7,1122.83,120.74,88.27,19.68,17.36,18.52,26.51,15.34,0.15,2016-02-01,0
92.41,2302.15,31.67,81.08,21.29,17.24,19.27,30.08,15.79,0.14,2016-03-01,0
130.54,3135.25,92.15,80.55,21.93,17.71,19.82,29.72,15.6,0.14,2016-04-01,0
93.3184,2164.514669999999,169.26,85.09,22.14,19.04,20.59,29.78,16.06,0.13,2016-05-01,0
124.67528000000001,3990.2665,323.1,91.43,21.03,19.31,20.17,26.79,16.08,0.14,2016-06-01,0
115.35748000000001,3882.5242,257.59,90.84,20.29,18.43,19.36,25.2,16.15,0.11,2016-07-01,0
109.823,2759.1192,261.78,90.94,21.01,19.19,20.1,26.33,16.73,0.14,2016-08-01,0
83.95100000000001,2044.4394000000011,196.69,90.57,20.64,18.74,19.69,25.96,15.9,0.14,2016-09-01,0
63.482,1619.9413,342.88,93.16,20.67,19.31,19.99,26.05,15.86,0.14,2016-10-01,0
82.36500000000001,2293.26,384.79,93.65,20.18,18.93,19.55,25.63,15.53,0.16,2016-11-01,0
114.69,3302.34,176.91,93.04,19.65,18.25,18.95,24.82,15.44,0.14,2016-12-01,0
6.859999999999999,197.1468,132.87,89.49,19.19,17.12,18.16,24.67,14.69,0.15,2017-01-01,4
7.069999999999999,191.682,42.27,87.23,19.47,16.96,18.22,26.02,14.86,0.17,2017-02-01,4
7.069999999999999,191.682,97.04,84.18,19.94,16.65,18.29,28.1,14.64,0.15,2017-03-01,4
4.199999999999999,124.2,155.81,85.89,21.35,18.42,19.89,28.42,15.5,0.14,2017-04-01,4
7.7,222.732,570.93,92.91,21.38,19.96,20.67,27.08,17.31,0.15,2017-05-01,4
64.05,1841.89,326.31,92.31,21.14,19.63,20.38,26.24,16.89,0.15,2017-06-01,4
11.9,346.93,287.8,92.54,20.84,19.33,20.09,25.32,16.6,0.11,2017-07-01,4
5.949999999999999,166.84199999999998,256.78,90.62,20.91,19.02,19.97,26.81,15.61,0.14,2017-08-01,4
9.1,247.158,383.59,92.67,21.01,19.55,20.28,26.56,15.57,0.15,2017-09-01,4
16.45,454.16,557.39,91.43,20.67,18.94,19.81,25.95,16.26,0.13,2017-10-01,4
33.25,950.13,161.87,92.08,20.27,18.7,19.49,25.73,15.64,0.15,2017-11-01,4
7.0,203.688,154.91,91.82,19.5,17.87,18.69,25.16,14.9,0.15,2017-12-01,4
42.69999999999999,1121.526,132.87,89.49,19.19,17.12,18.16,24.67,14.69,0.15,2017-01-01,3
56.49,1344.2620000000002,42.27,87.23,19.47,16.96,18.22,26.02,14.86,0.17,2017-02-01,3
73.15,1750.43,97.04,84.18,19.94,16.65,18.29,28.1,14.64,0.15,2017-03-01,3
54.425,1369.0980000000002,155.81,85.89,21.35,18.42,19.89,28.42,15.5,0.14,2017-04-01,3
57.925,1513.998,570.93,92.91,21.38,19.96,20.67,27.08,17.31,0.15,2017-05-01,3
29.05,855.1129999999999,326.31,92.31,21.14,19.63,20.38,26.24,16.89,0.15,2017-06-01,3
75.95500000000001,2013.073,287.8,92.54,20.84,19.33,20.09,25.32,16.6,0.11,2017-07-01,3
123.27,3152.446,256.78,90.62,20.91,19.02,19.97,26.81,15.61,0.14,2017-08-01,3
91.18,2437.01,383.59,92.67,21.01,19.55,20.28,26.56,15.57,0.15,2017-09-01,3
49.875,1357.096,557.39,91.43,20.67,18.94,19.81,25.95,16.26,0.13,2017-10-01,3
81.72500000000001,2523.539,161.87,92.08,20.27,18.7,19.49,25.73,15.64,0.15,2017-11-01,3
67.2,1919.3,154.91,91.82,19.5,17.87,18.69,25.16,14.9,0.15,2017-12-01,3
3.1499999999999995,75.141,109.62,81.98,20.47,17.05,18.76,25.31,15.91,0.46,2017-01-01,2
2.2749999999999995,53.199,30.25,79.18,21.08,16.98,19.03,27.21,16.02,0.51,2017-02-01,2
0.1775,4.557,78.94,73.28,21.94,16.36,19.15,28.49,16.47,0.52,2017-03-01,2
0.4375,10.557,157.36,81.3,22.5,18.66,20.58,28.91,16.37,0.48,2017-04-01,2
1.75,42.228,637.53,91.92,21.76,20.21,20.99,27.09,18.92,0.53,2017-05-01,2
2.45,62.945,323.93,91.29,21.63,19.96,20.79,26.61,18.12,0.5,2017-06-01,2
9.45,243.02,427.58,90.3,21.53,19.65,20.59,26.26,18.07,0.41,2017-07-01,2
5.1625,140.13899999999998,322.43,88.94,21.52,19.37,20.44,26.37,18.7,0.49,2017-08-01,2
7.0,182.16,353.72,92.1,21.42,19.9,20.66,26.3,18.07,0.56,2017-09-01,2
2.2749999999999995,59.201999999999984,547.75,89.77,21.12,19.13,20.12,26.08,17.77,0.49,2017-10-01,2
6.4750000000000005,164.356,223.22,92.16,20.81,19.28,20.04,25.32,16.43,0.51,2017-11-01,2
1.75,44.3,133.14,85.38,20.58,17.83,19.2,25.36,16.59,0.41,2017-12-01,2
65.975,1578.996,132.87,89.49,19.19,17.12,18.16,24.67,14.69,0.15,2017-01-01,1
31.5,672.336,42.27,87.23,19.47,16.96,18.22,26.02,14.86,0.17,2017-02-01,1
30.8,772.91,97.04,84.18,19.94,16.65,18.29,28.1,14.64,0.15,2017-03-01,1
15.925,381.087,155.81,85.89,21.35,18.42,19.89,28.42,15.5,0.14,2017-04-01,1
5.075,114.471,570.93,92.91,21.38,19.96,20.67,27.08,17.31,0.15,2017-05-01,1
10.5,244.26,326.31,92.31,21.14,19.63,20.38,26.24,16.89,0.15,2017-06-01,1
8.75,214.038,287.8,92.54,20.84,19.33,20.09,25.32,16.6,0.11,2017-07-01,1
74.65700000000001,5045.835999999999,256.78,90.62,20.91,19.02,19.97,26.81,15.61,0.14,2017-08-01,1
103.255,2604.06,383.59,92.67,21.01,19.55,20.28,26.56,15.57,0.15,2017-09-01,1
46.38,1289.198,557.39,91.43,20.67,18.94,19.81,25.95,16.26,0.13,2017-10-01,1
21.525,608.58,161.87,92.08,20.27,18.7,19.49,25.73,15.64,0.15,2017-11-01,1
56.77,1446.9299999999998,154.91,91.82,19.5,17.87,18.69,25.16,14.9,0.15,2017-12-01,1
108.136,2870.50212,132.87,89.49,19.19,17.12,18.16,24.67,14.69,0.15,2017-01-01,0
71.975,1762.73113,42.27,87.23,19.47,16.96,18.22,26.02,14.86,0.17,2017-02-01,0
66.472,1636.79,97.04,84.18,19.94,16.65,18.29,28.1,14.64,0.15,2017-03-01,0
78.071,2136.972779999999,155.81,85.89,21.35,18.42,19.89,28.42,15.5,0.14,2017-04-01,0
61.495,1741.724496,570.93,92.91,21.38,19.96,20.67,27.08,17.31,0.15,2017-05-01,0
89.77499999999999,2570.319,326.31,92.31,21.14,19.63,20.38,26.24,16.89,0.15,2017-06-01,0
90.288,4008.764,287.8,92.54,20.84,19.33,20.09,25.32,16.6,0.11,2017-07-01,0
114.98,3297.098,256.78,90.62,20.91,19.02,19.97,26.81,15.61,0.14,2017-08-01,0
45.84999999999999,1247.175,383.59,92.67,21.01,19.55,20.28,26.56,15.57,0.15,2017-09-01,0
43.04999999999999,1342.188,557.39,91.43,20.67,18.94,19.81,25.95,16.26,0.13,2017-10-01,0
54.075,1816.218,161.87,92.08,20.27,18.7,19.49,25.73,15.64,0.15,2017-11-01,0
52.969,1392.5221199999994,154.91,91.82,19.5,17.87,18.69,25.16,14.9,0.15,2017-12-01,0
3.5,93.562,367.34,93.54,18.94,17.66,18.3,23.96,15.68,0.14,2018-01-01,4
19.6,544.826,93.77,89.28,18.76,16.64,17.7,23.58,14.58,0.16,2018-02-01,4
13.3,357.696,102.08,87.15,19.41,16.82,18.11,26.57,13.65,0.14,2018-03-01,4
4.9,127.512,146.43,87.2,20.53,17.93,19.23,26.71,14.37,0.14,2018-04-01,4
10.849999999999998,282.348,318.14,88.69,21.0,18.66,19.83,27.24,15.34,0.15,2018-05-01,4
60.89999999999999,1609.632,355.88,92.7,20.76,19.29,20.02,26.22,14.39,0.13,2018-06-01,4
14.174999999999995,368.874,511.39,93.03,20.43,19.02,19.72,25.53,16.22,0.11,2018-07-01,4
36.39999999999999,947.232,284.92,91.73,20.37,18.67,19.52,25.81,16.04,0.11,2018-08-01,4
18.9,491.832,263.43,90.55,20.8,18.9,19.85,26.05,16.66,0.15,2018-09-01,4
11.55,303.044,407.34,91.98,20.3,18.66,19.48,26.69,16.08,0.14,2018-10-01,4
30.275,795.298,156.19,91.26,20.43,18.65,19.54,25.69,15.37,0.14,2018-11-01,4
12.95,336.994,64.95,89.8,19.47,17.45,18.46,24.99,15.61,0.15,2018-12-01,4
22.4,540.27,367.34,93.54,18.94,17.66,18.3,23.96,15.68,0.14,2018-01-01,3
21.35,581.875,93.77,89.28,18.76,16.64,17.7,23.58,14.58,0.16,2018-02-01,3
41.09,982.508,102.08,87.15,19.41,16.82,18.11,26.57,13.65,0.14,2018-03-01,3
64.4,1519.79,146.43,87.2,20.53,17.93,19.23,26.71,14.37,0.14,2018-04-01,3
65.485,1740.8699999999997,318.14,88.69,21.0,18.66,19.83,27.24,15.34,0.15,2018-05-01,3
34.64999999999999,1122.5609999999997,355.88,92.7,20.76,19.29,20.02,26.22,14.39,0.13,2018-06-01,3
92.4,2281.138,511.39,93.03,20.43,19.02,19.72,25.53,16.22,0.11,2018-07-01,3
91.85,2527.1,284.92,91.73,20.37,18.67,19.52,25.81,16.04,0.11,2018-08-01,3
44.49,1024.86,263.43,90.55,20.8,18.9,19.85,26.05,16.66,0.15,2018-09-01,3
56.7,1518.552,407.34,91.98,20.3,18.66,19.48,26.69,16.08,0.14,2018-10-01,3
38.78,937.5444,156.19,91.26,20.43,18.65,19.54,25.69,15.37,0.14,2018-11-01,3
89.91999999999999,2240.774,64.95,89.8,19.47,17.45,18.46,24.99,15.61,0.15,2018-12-01,3
1.225,31.877999999999997,348.08,87.38,20.23,17.88,19.06,24.57,16.86,0.42,2018-01-01,2
2.0125,52.371,67.32,80.46,20.33,16.59,18.46,25.31,15.61,0.51,2018-02-01,2
0.175,4.554,93.67,76.29,21.43,16.62,19.03,28.03,15.44,0.48,2018-03-01,2
0.175,4.554,209.37,81.8,21.83,18.2,20.01,28.11,16.73,0.42,2018-04-01,2
0.175,4.554,302.05,87.86,21.59,19.2,20.39,26.91,18.31,0.5,2018-05-01,2
0.175,4.554,421.49,90.84,21.48,19.71,20.59,25.95,17.06,0.48,2018-06-01,2
0.175,4.554,646.15,88.99,21.41,19.31,20.36,25.7,17.9,0.41,2018-07-01,2
0.175,4.554,353.29,86.91,21.36,18.84,20.1,26.21,17.2,0.38,2018-08-01,2
0.175,4.554,367.56,89.02,21.42,19.27,20.35,26.35,18.71,0.48,2018-09-01,2
0.175,4.554,439.12,91.41,20.67,18.99,19.83,26.11,17.38,0.54,2018-10-01,2
6.545,181.2906,174.77,88.01,21.28,18.95,20.12,26.22,16.23,0.41,2018-11-01,2
18.62,517.0446,60.22,83.09,20.77,17.55,19.16,25.29,16.61,0.47,2018-12-01,2
67.55,1781.6489999999992,367.34,93.54,18.94,17.66,18.3,23.96,15.68,0.14,2018-01-01,1
116.025,2805.057,93.77,89.28,18.76,16.64,17.7,23.58,14.58,0.16,2018-02-01,1
123.55,3141.018000000002,102.08,87.15,19.41,16.82,18.11,26.57,13.65,0.14,2018-03-01,1
39.900000000000006,891.547,146.43,87.2,20.53,17.93,19.23,26.71,14.37,0.14,2018-04-01,1
23.975,588.501,318.14,88.69,21.0,18.66,19.83,27.24,15.34,0.15,2018-05-01,1
12.249999999999996,281.934,355.88,92.7,20.76,19.29,20.02,26.22,14.39,0.13,2018-06-01,1
39.9,945.372,511.39,93.03,20.43,19.02,19.72,25.53,16.22,0.11,2018-07-01,1
110.075,2635.938,284.92,91.73,20.37,18.67,19.52,25.81,16.04,0.11,2018-08-01,1
65.8,1590.1739999999998,263.43,90.55,20.8,18.9,19.85,26.05,16.66,0.15,2018-09-01,1
41.475,1002.708,407.34,91.98,20.3,18.66,19.48,26.69,16.08,0.14,2018-10-01,1
70.53,1656.626,156.19,91.26,20.43,18.65,19.54,25.69,15.37,0.14,2018-11-01,1
79.35000000000001,2002.77,64.95,89.8,19.47,17.45,18.46,24.99,15.61,0.15,2018-12-01,1
37.8,967.932,367.34,93.54,18.94,17.66,18.3,23.96,15.68,0.14,2018-01-01,0
55.92999999999999,1368.1043999999995,93.77,89.28,18.76,16.64,17.7,23.58,14.58,0.16,2018-02-01,0
80.43,1840.022,102.08,87.15,19.41,16.82,18.11,26.57,13.65,0.14,2018-03-01,0
103.01,2564.75,146.43,87.2,20.53,17.93,19.23,26.71,14.37,0.14,2018-04-01,0
92.07099999999996,2355.7428,318.14,88.69,21.0,18.66,19.83,27.24,15.34,0.15,2018-05-01,0
125.825,3366.440999999997,355.88,92.7,20.76,19.29,20.02,26.22,14.39,0.13,2018-06-01,0
106.75,3395.421,511.39,93.03,20.43,19.02,19.72,25.53,16.22,0.11,2018-07-01,0
94.875,2160.8230000000003,284.92,91.73,20.37,18.67,19.52,25.81,16.04,0.11,2018-08-01,0
43.01499999999999,1244.898,263.43,90.55,20.8,18.9,19.85,26.05,16.66,0.15,2018-09-01,0
47.42499999999998,1341.774,407.34,91.98,20.3,18.66,19.48,26.69,16.08,0.14,2018-10-01,0
52.5,1552.09,156.19,91.26,20.43,18.65,19.54,25.69,15.37,0.14,2018-11-01,0
55.175,1454.672,64.95,89.8,19.47,17.45,18.46,24.99,15.61,0.15,2018-12-01,0
21.7,564.696,22.65,87.04,19.2,16.65,17.92,25.95,15.13,0.15,2019-01-01,4
32.900000000000006,856.154,42.64,80.66,19.99,15.89,17.94,28.68,14.89,0.15,2019-02-01,4
9.8,255.026,146.12,83.69,20.14,16.72,18.43,27.81,15.39,0.15,2019-03-01,4
22.4,582.912,142.39,82.1,21.37,17.52,19.45,29.62,16.25,0.14,2019-04-01,4
17.849999999999998,464.508,418.58,91.47,21.38,19.66,20.52,27.74,17.6,0.14,2019-05-01,4
11.199999999999998,291.456,255.94,91.58,21.52,19.83,20.67,26.28,16.99,0.14,2019-06-01,4
11.199999999999998,291.456,194.16,91.08,20.73,18.92,19.83,26.21,16.24,0.12,2019-07-01,4
13.65,403.65,257.22,91.24,20.87,19.1,19.99,26.22,16.71,0.12,2019-08-01,4
13.65,403.65,294.02,91.37,20.84,19.08,19.96,26.44,14.89,0.14,2019-09-01,4
11.409999999999998,332.44199999999995,387.89,93.36,20.47,19.17,19.82,25.66,16.04,0.15,2019-10-01,4
6.299999999999999,186.3,298.22,91.56,20.22,18.48,19.35,25.17,14.19,0.13,2019-11-01,4
7.349999999999999,217.35,196.57,91.88,20.23,18.59,19.41,24.73,15.99,0.14,2019-12-01,4
59.885000000000005,1600.938,22.65,87.04,19.2,16.65,17.92,25.95,15.13,0.15,2019-01-01,3
49.56,1214.885,42.64,80.66,19.99,15.89,17.94,28.68,14.89,0.15,2019-02-01,3
71.435,1721.616,146.12,83.69,20.14,16.72,18.43,27.81,15.39,0.15,2019-03-01,3
39.06,874.164,142.39,82.1,21.37,17.52,19.45,29.62,16.25,0.14,2019-04-01,3
22.939000000000004,523.3373999999999,418.58,91.47,21.38,19.66,20.52,27.74,17.6,0.14,2019-05-01,3
4.375,116.748,255.94,91.58,21.52,19.83,20.67,26.28,16.99,0.14,2019-06-01,3
15.580000000000002,367.426,194.16,91.08,20.73,18.92,19.83,26.21,16.24,0.12,2019-07-01,3
82.78,2039.57,257.22,91.24,20.87,19.1,19.99,26.22,16.71,0.12,2019-08-01,3
87.36,2047.73,294.02,91.37,20.84,19.08,19.96,26.44,14.89,0.14,2019-09-01,3
61.255,1622.051,387.89,93.36,20.47,19.17,19.82,25.66,16.04,0.15,2019-10-01,3
46.025,1184.454,298.22,91.56,20.22,18.48,19.35,25.17,14.19,0.13,2019-11-01,3
47.78,1034.168,196.57,91.88,20.23,18.59,19.41,24.73,15.99,0.14,2019-12-01,3
6.299999999999999,173.052,19.71,76.74,21.02,16.41,18.72,27.77,16.6,0.5,2019-01-01,2
6.194999999999999,163.2816,41.18,70.83,21.89,15.65,18.77,29.58,16.28,0.48,2019-02-01,2
3.945,110.2936,132.61,73.16,22.25,16.54,19.39,29.65,16.8,0.52,2019-03-01,2
4.3365,119.89853999999998,163.3,77.13,22.65,17.87,20.26,30.0,18.03,0.47,2019-04-01,2
0.8574999999999999,24.2397,431.85,89.8,21.91,19.95,20.93,27.99,18.64,0.48,2019-05-01,2
1.5924999999999998,42.2901,374.29,89.48,22.28,20.24,21.26,27.03,19.29,0.42,2019-06-01,2
5.95,174.087,256.34,86.7,21.69,19.1,20.4,26.58,17.69,0.4,2019-07-01,2
5.949999999999999,174.087,310.81,87.86,21.81,19.44,20.63,26.77,18.17,0.42,2019-08-01,2
11.724999999999996,332.028,363.8,89.71,21.44,19.42,20.43,26.47,17.17,0.53,2019-09-01,2
14.165,415.116,436.82,94.25,20.95,19.82,20.39,26.06,17.89,0.61,2019-10-01,2
3.15,92.74,314.7,87.74,21.05,18.68,19.87,25.67,16.57,0.41,2019-11-01,2
6.83,194.99,203.02,86.38,21.3,18.73,20.02,25.62,17.6,0.39,2019-12-01,2
44.625,1071.4319999999998,22.65,87.04,19.2,16.65,17.92,25.95,15.13,0.15,2019-01-01,1
34.300000000000004,825.9299999999998,42.64,80.66,19.99,15.89,17.94,28.68,14.89,0.15,2019-02-01,1
24.360000000000003,556.828,146.12,83.69,20.14,16.72,18.43,27.81,15.39,0.15,2019-03-01,1
9.275,210.105,142.39,82.1,21.37,17.52,19.45,29.62,16.25,0.14,2019-04-01,1
11.9,281.52,418.58,91.47,21.38,19.66,20.52,27.74,17.6,0.14,2019-05-01,1
10.15,228.114,255.94,91.58,21.52,19.83,20.67,26.28,16.99,0.14,2019-06-01,1
31.85,787.43,194.16,91.08,20.73,18.92,19.83,26.21,16.24,0.12,2019-07-01,1
115.36,2788.91,257.22,91.24,20.87,19.1,19.99,26.22,16.71,0.12,2019-08-01,1
62.37000000000002,1498.2659999999994,294.02,91.37,20.84,19.08,19.96,26.44,14.89,0.14,2019-09-01,1
35.385,868.158,387.89,93.36,20.47,19.17,19.82,25.66,16.04,0.15,2019-10-01,1
34.08,870.05,298.22,91.56,20.22,18.48,19.35,25.17,14.19,0.13,2019-11-01,1
48.010000000000005,1276.2,196.57,91.88,20.23,18.59,19.41,24.73,15.99,0.14,2019-12-01,1
83.62,2110.2034,22.65,87.04,19.2,16.65,17.92,25.95,15.13,0.15,2019-01-01,0
81.02499999999999,2017.98304,42.64,80.66,19.99,15.89,17.94,28.68,14.89,0.15,2019-02-01,0
42.537,1008.43344,146.12,83.69,20.14,16.72,18.43,27.81,15.39,0.15,2019-03-01,0
125.5,3127.98,142.39,82.1,21.37,17.52,19.45,29.62,16.25,0.14,2019-04-01,0
98.81899999999996,2496.734640000001,418.58,91.47,21.38,19.66,20.52,27.74,17.6,0.14,2019-05-01,0
84.0,2292.732,255.94,91.58,21.52,19.83,20.67,26.28,16.99,0.14,2019-06-01,0
47.73,1416.464,194.16,91.08,20.73,18.92,19.83,26.21,16.24,0.12,2019-07-01,0
75.25,2244.5040000000004,257.22,91.24,20.87,19.1,19.99,26.22,16.71,0.12,2019-08-01,0
49.96,1400.64,294.02,91.37,20.84,19.08,19.96,26.44,14.89,0.14,2019-09-01,0
29.049999999999997,755.5500000000001,387.89,93.36,20.47,19.17,19.82,25.66,16.04,0.15,2019-10-01,0
65.63,2000.86,298.22,91.56,20.22,18.48,19.35,25.17,14.19,0.13,2019-11-01,0
34.23,833.6300000000001,196.57,91.88,20.23,18.59,19.41,24.73,15.99,0.14,2019-12-01,0
15.399999999999997,455.3999999999999,137.07,90.99,19.93,18.16,19.04,24.93,16.08,0.15,2020-01-01,4
23.45,800.6800000000001,73.95,89.05,19.9,17.73,18.82,25.54,13.96,0.16,2020-02-01,4
10.5,339.066,25.28,83.52,20.1,16.69,18.4,27.16,15.73,0.15,2020-03-01,4
41.58,1533.456,197.06,83.35,20.97,17.45,19.21,28.54,15.52,0.15,2020-04-01,4
44.1,1309.3163999999997,240.58,88.7,21.55,19.28,20.42,28.0,17.21,0.13,2020-05-01,4
49.98,1694.664,409.23,91.46,20.91,19.21,20.06,26.39,15.56,0.14,2020-06-01,4
47.67,1555.07,216.41,90.94,20.28,18.47,19.38,25.75,14.07,0.12,2020-07-01,4
56.56,2012.62,242.73,90.98,20.66,18.83,19.75,27.24,14.97,0.13,2020-08-01,4
41.86,1486.0116,266.41,89.58,20.6,18.53,19.57,26.1,14.82,0.16,2020-09-01,4
31.99,1190.4944,419.9,92.39,20.64,19.12,19.88,25.92,16.48,0.13,2020-10-01,4
23.450000000000003,899.2059999999999,485.29,92.52,20.39,18.89,19.64,26.19,16.56,0.14,2020-11-01,4
12.95,506.73599999999993,334.01,91.87,19.48,17.84,18.66,24.26,13.57,0.15,2020-12-01,4
19.425,423.725,137.07,90.99,19.93,18.16,19.04,24.93,16.08,0.15,2020-01-01,3
26.6,559.5209999999997,73.95,89.05,19.9,17.73,18.82,25.54,13.96,0.16,2020-02-01,3
33.25,805.646,25.28,83.52,20.1,16.69,18.4,27.16,15.73,0.15,2020-03-01,3
27.48,685.79,197.06,83.35,20.97,17.45,19.21,28.54,15.52,0.15,2020-04-01,3
29.75,762.38,240.58,88.7,21.55,19.28,20.42,28.0,17.21,0.13,2020-05-01,3
46.03,1209.5,409.23,91.46,20.91,19.21,20.06,26.39,15.56,0.14,2020-06-01,3
52.5,1310.31,216.41,90.94,20.28,18.47,19.38,25.75,14.07,0.12,2020-07-01,3
23.1,555.59,242.73,90.98,20.66,18.83,19.75,27.24,14.97,0.13,2020-08-01,3
1.05,22.36,266.41,89.58,20.6,18.53,19.57,26.1,14.82,0.16,2020-09-01,3
1.05,22.36,419.9,92.39,20.64,19.12,19.88,25.92,16.48,0.13,2020-10-01,3
23.1,503.01,485.29,92.52,20.39,18.89,19.64,26.19,16.56,0.14,2020-11-01,3
31.15,823.0319999999999,334.01,91.87,19.48,17.84,18.66,24.26,13.57,0.15,2020-12-01,3
4.221,122.54399999999998,155.51,85.45,21.29,18.52,19.9,25.88,17.9,0.46,2020-01-01,2
4.725,128.129,56.48,81.26,21.43,17.81,19.62,26.8,16.45,0.51,2020-02-01,2
4.637499999999999,122.339,26.42,72.04,22.08,16.19,19.14,28.85,16.74,0.5,2020-03-01,2
2.28,66.24,253.89,79.38,22.38,18.07,20.23,30.29,16.5,0.43,2020-04-01,2
2.4,58.42,262.74,86.53,22.39,19.76,21.08,28.04,18.83,0.45,2020-05-01,2
8.879999999999999,208.65,435.22,89.52,21.64,19.6,20.62,26.81,17.83,0.48,2020-06-01,2
3.36,89.34,288.55,87.53,21.18,18.78,19.98,26.74,17.01,0.43,2020-07-01,2
3.115,66.32279999999999,339.64,89.04,21.45,19.29,20.37,27.39,16.86,0.48,2020-08-01,2
3.115,66.32279999999999,352.68,89.47,21.2,19.12,20.16,26.04,17.29,0.52,2020-09-01,2
3.115,66.32279999999999,383.6,91.05,21.18,19.46,20.32,26.28,18.48,0.55,2020-10-01,2
3.115,66.32279999999999,410.19,92.06,20.69,19.15,19.92,25.64,17.59,0.52,2020-11-01,2
3.115,66.32279999999999,341.6,86.32,20.55,17.95,19.25,24.88,16.12,0.44,2020-12-01,2
51.25399999999999,1225.5641999999996,137.07,90.99,19.93,18.16,19.04,24.93,16.08,0.15,2020-01-01,1
57.435,1380.9384,73.95,89.05,19.9,17.73,18.82,25.54,13.96,0.16,2020-02-01,1
54.46,1371.082,25.28,83.52,20.1,16.69,18.4,27.16,15.73,0.15,2020-03-01,1
25.03,598.23,197.06,83.35,20.97,17.45,19.21,28.54,15.52,0.15,2020-04-01,1
4.55,99.36,240.58,88.7,21.55,19.28,20.42,28.0,17.21,0.13,2020-05-01,1
13.06,293.53,409.23,91.46,20.91,19.21,20.06,26.39,15.56,0.14,2020-06-01,1
38.43,927.12,216.41,90.94,20.28,18.47,19.38,25.75,14.07,0.12,2020-07-01,1
57.51,1475.4899999999998,242.73,90.98,20.66,18.83,19.75,27.24,14.97,0.13,2020-08-01,1
17.85,466.99,266.41,89.58,20.6,18.53,19.57,26.1,14.82,0.16,2020-09-01,1
13.23,312.984,419.9,92.39,20.64,19.12,19.88,25.92,16.48,0.13,2020-10-01,1
0.35,8.28,485.29,92.52,20.39,18.89,19.64,26.19,16.56,0.14,2020-11-01,1
28.524999999999995,660.9923999999999,334.01,91.87,19.48,17.84,18.66,24.26,13.57,0.15,2020-12-01,1
50.92499999999998,1274.4990000000005,137.07,90.99,19.93,18.16,19.04,24.93,16.08,0.15,2020-01-01,0
39.02499999999999,905.8319999999998,73.95,89.05,19.9,17.73,18.82,25.54,13.96,0.16,2020-02-01,0
39.62,980.2732,25.28,83.52,20.1,16.69,18.4,27.16,15.73,0.15,2020-03-01,0
102.335,2473.339,197.06,83.35,20.97,17.45,19.21,28.54,15.52,0.15,2020-04-01,0
105.80500000000002,2642.3136,240.58,88.7,21.55,19.28,20.42,28.0,17.21,0.13,2020-05-01,0
100.625,2768.6249999999995,409.23,91.46,20.91,19.21,20.06,26.39,15.56,0.14,2020-06-01,0
115.85,3066.71,216.41,90.94,20.28,18.47,19.38,25.75,14.07,0.12,2020-07-01,0
115.08,3206.634,242.73,90.98,20.66,18.83,19.75,27.24,14.97,0.13,2020-08-01,0
49.69999999999999,1376.1360000000002,266.41,89.58,20.6,18.53,19.57,26.1,14.82,0.16,2020-09-01,0
47.60000000000001,1244.07,419.9,92.39,20.64,19.12,19.88,25.92,16.48,0.13,2020-10-01,0
40.71,1199.982,485.29,92.52,20.39,18.89,19.64,26.19,16.56,0.14,2020-11-01,0
69.195,1908.8298000000004,334.01,91.87,19.48,17.84,18.66,24.26,13.57,0.15,2020-12-01,0
10.15,385.434,101.45,90.49,19.21,17.3,18.26,24.24,13.59,0.15,2021-01-01,4
15.05,589.536,42.93,87.9,19.7,17.33,18.52,25.43,15.41,0.17,2021-02-01,4
3.85,114.48,161.12,85.54,19.69,16.7,18.2,26.89,13.38,0.16,2021-03-01,4
33.95,1022.688,292.17,88.86,20.68,18.42,19.55,26.94,15.34,0.14,2021-04-01,4
48.64999999999999,1578.552,319.96,91.07,20.85,19.06,19.95,27.07,15.95,0.14,2021-05-01,4
79.8,2604.632,295.87,90.93,20.84,19.0,19.92,25.98,15.07,0.15,2021-06-01,4
24.36,770.8320000000001,306.55,91.44,20.84,19.11,19.97,25.91,16.23,0.13,2021-07-01,4
42.7,1296.588,384.7,91.23,20.42,18.68,19.55,25.09,15.62,0.14,2021-08-01,4
41.3,1242.32,238.49,90.36,20.69,18.76,19.73,26.4,16.71,0.14,2021-09-01,4
32.19999999999999,975.2,235.75,90.83,20.73,18.89,19.81,26.15,16.38,0.15,2021-10-01,4
15.4,463.68,122.78,90.33,19.84,17.87,18.85,25.94,14.78,0.14,2021-11-01,4
50.4,1620.4,129.66,91.61,19.86,18.17,19.01,24.62,16.47,0.14,2021-12-01,4
24.149999999999995,601.7489999999999,101.45,90.49,19.21,17.3,18.26,24.24,13.59,0.15,2021-01-01,3
55.12500000000001,1419.1919999999998,42.93,87.9,19.7,17.33,18.52,25.43,15.41,0.17,2021-02-01,3
81.55000000000001,2008.906,161.12,85.54,19.69,16.7,18.2,26.89,13.38,0.16,2021-03-01,3
24.675,609.4999999999999,292.17,88.86,20.68,18.42,19.55,26.94,15.34,0.14,2021-04-01,3
25.689999999999998,617.5559999999999,319.96,91.07,20.85,19.06,19.95,27.07,15.95,0.14,2021-05-01,3
14.35,396.44,295.87,90.93,20.84,19.0,19.92,25.98,15.07,0.15,2021-06-01,3
20.825,596.144,306.55,91.44,20.84,19.11,19.97,25.91,16.23,0.13,2021-07-01,3
12.425,351.4960000000001,384.7,91.23,20.42,18.68,19.55,25.09,15.62,0.14,2021-08-01,3
21.175,564.1320000000001,238.49,90.36,20.69,18.76,19.73,26.4,16.71,0.14,2021-09-01,3
13.649999999999997,395.8040000000001,235.75,90.83,20.73,18.89,19.81,26.15,16.38,0.15,2021-10-01,3
13.65,348.88,122.78,90.33,19.84,17.87,18.85,25.94,14.78,0.14,2021-11-01,3
53.9,1394.15,129.66,91.61,19.86,18.17,19.01,24.62,16.47,0.14,2021-12-01,3
53.9,1394.15,89.5,83.28,20.43,17.27,18.85,25.01,15.05,0.46,2021-01-01,2
0.875,18.02,39.59,81.37,21.15,17.54,19.34,26.33,16.16,0.46,2021-02-01,2
52.675,1403.864,160.78,75.57,21.47,16.45,18.96,27.56,14.95,0.48,2021-03-01,2
3.696,92.94928000000002,331.05,84.57,21.74,18.7,20.22,27.74,16.06,0.47,2021-04-01,2
3.5524999999999998,91.5628,304.82,87.93,21.72,19.4,20.56,27.1,17.3,0.45,2021-05-01,2
6.859999999999999,167.1408,292.59,88.85,21.48,19.3,20.39,26.27,16.98,0.47,2021-06-01,2
3.33,83.736,410.7,88.11,21.62,19.34,20.48,26.73,18.61,0.41,2021-07-01,2
1.23,26.072000000000003,430.11,90.8,21.06,19.26,20.16,25.8,17.86,0.49,2021-08-01,2
0.175,4.876,348.02,89.11,21.27,19.16,20.22,26.14,18.65,0.47,2021-09-01,2
0.175,4.876,336.1,90.73,21.25,19.42,20.33,26.12,18.24,0.49,2021-10-01,2
1.75,37.26,189.89,86.2,20.7,18.04,19.37,25.6,16.92,0.41,2021-11-01,2
2.98,81.14,124.25,85.65,20.9,18.19,19.55,25.31,17.55,0.39,2021-12-01,2
43.617,1038.3699599999998,101.45,90.49,19.21,17.3,18.26,24.24,13.59,0.15,2021-01-01,1
33.39,760.8491999999998,42.93,87.9,19.7,17.33,18.52,25.43,15.41,0.17,2021-02-01,1
27.685,680.062,161.12,85.54,19.69,16.7,18.2,26.89,13.38,0.16,2021-03-01,1
15.715,365.662,292.17,88.86,20.68,18.42,19.55,26.94,15.34,0.14,2021-04-01,1
10.57,255.0784,319.96,91.07,20.85,19.06,19.95,27.07,15.95,0.14,2021-05-01,1
5.249999999999999,126.776,295.87,90.93,20.84,19.0,19.92,25.98,15.07,0.15,2021-06-01,1
25.97,650.5867999999999,306.55,91.44,20.84,19.11,19.97,25.91,16.23,0.13,2021-07-01,1
87.89,2214.38,384.7,91.23,20.42,18.68,19.55,25.09,15.62,0.14,2021-08-01,1
79.07,2074.84,238.49,90.36,20.69,18.76,19.73,26.4,16.71,0.14,2021-09-01,1
48.65,1307.19,235.75,90.83,20.73,18.89,19.81,26.15,16.38,0.15,2021-10-01,1
36.4,945.14,122.78,90.33,19.84,17.87,18.85,25.94,14.78,0.14,2021-11-01,1
73.14999999999999,1829.754,129.66,91.61,19.86,18.17,19.01,24.62,16.47,0.14,2021-12-01,1
19.39,564.0336,101.45,90.49,19.21,17.3,18.26,24.24,13.59,0.15,2021-01-01,0
47.355,1338.5828,42.93,87.9,19.7,17.33,18.52,25.43,15.41,0.17,2021-02-01,0
41.440000000000005,1111.7196,161.12,85.54,19.69,16.7,18.2,26.89,13.38,0.16,2021-03-01,0
131.63500000000002,3528.358,292.17,88.86,20.68,18.42,19.55,26.94,15.34,0.14,2021-04-01,0
99.35100000000003,3885.0696,319.96,91.07,20.85,19.06,19.95,27.07,15.95,0.14,2021-05-01,0
97.405,2862.004,295.87,90.93,20.84,19.0,19.92,25.98,15.07,0.15,2021-06-01,0
83.78999999999999,2564.1804,306.55,91.44,20.84,19.11,19.97,25.91,16.23,0.13,2021-07-01,0
35.74,1150.31,384.7,91.23,20.42,18.68,19.55,25.09,15.62,0.14,2021-08-01,0
46.02499999999999,1545.9039999999998,238.49,90.36,20.69,18.76,19.73,26.4,16.71,0.14,2021-09-01,0
23.624999999999996,734.3679999999999,235.75,90.83,20.73,18.89,19.81,26.15,16.38,0.15,2021-10-01,0
44.7,1551.816,122.78,90.33,19.84,17.87,18.85,25.94,14.78,0.14,2021-11-01,0
50.05,1458.584,129.66,91.61,19.86,18.17,19.01,24.62,16.47,0.14,2021-12-01,0
47.94999999999999,1588.1039999999998,43.42,87.92,18.99,16.58,17.79,24.56,15.2,0.18,2022-01-01,4
69.99999999999999,2298.528,46.31,84.07,19.11,15.82,17.46,24.92,12.54,0.17,2022-02-01,4
13.65,362.794,222.83,84.93,20.12,16.93,18.52,27.35,14.26,0.14,2022-03-01,4
40.774999999999984,970.15008,247.76,87.36,20.8,18.18,19.49,27.35,15.8,0.15,2022-04-01,4
56.34999999999999,1347.52272,266.35,90.6,21.11,19.21,20.16,27.06,16.22,0.15,2022-05-01,4
102.2,2430.76288,478.87,92.94,20.24,18.82,19.53,26.71,15.3,0.15,2022-06-01,4
14.7,395.7944,230.37,92.15,20.62,19.04,19.84,25.66,16.29,0.12,2022-07-01,4
24.5,811.44,190.57,89.93,20.49,18.48,19.48,26.22,15.27,0.15,2022-08-01,4
35.14,1163.84,325.22,91.01,20.74,18.95,19.84,26.33,16.89,0.15,2022-09-01,4
19.6,649.15,282.13,91.46,20.49,18.8,19.65,25.53,16.11,0.15,2022-10-01,4
32.2,1066.61,341.96,92.97,20.09,18.67,19.38,25.67,15.34,0.14,2022-11-01,4
18.9,580.3,104.96,90.88,19.42,17.6,18.51,24.12,15.47,0.16,2022-12-01,4
48.650000000000006,1327.077,43.42,87.92,18.99,16.58,17.79,24.56,15.2,0.18,2022-01-01,3
46.024999999999984,1351.2959999999996,46.31,84.07,19.11,15.82,17.46,24.92,12.54,0.17,2022-02-01,3
76.09,1973.332,222.83,84.93,20.12,16.93,18.52,27.35,14.26,0.14,2022-03-01,3
54.43,1502.52,247.76,87.36,20.8,18.18,19.49,27.35,15.8,0.15,2022-04-01,3
9.869999999999996,247.052736,266.35,90.6,21.11,19.21,20.16,27.06,16.22,0.15,2022-05-01,3
5.599999999999999,151.40472,478.87,92.94,20.24,18.82,19.53,26.71,15.3,0.15,2022-06-01,3
18.48,482.6032,230.37,92.15,20.62,19.04,19.84,25.66,16.29,0.12,2022-07-01,3
48.62,1133.52,190.57,89.93,20.49,18.48,19.48,26.22,15.27,0.15,2022-08-01,3
53.55,1258.02,325.22,91.01,20.74,18.95,19.84,26.33,16.89,0.15,2022-09-01,3
49.28,1306.92,282.13,91.46,20.49,18.8,19.65,25.53,16.11,0.15,2022-10-01,3
42.46,975.43,341.96,92.97,20.09,18.67,19.38,25.67,15.34,0.14,2022-11-01,3
49.11400000000001,3997.98,104.96,90.88,19.42,17.6,18.51,24.12,15.47,0.16,2022-12-01,3
2.1,58.374,29.59,80.1,20.42,16.6,18.51,25.44,16.36,0.47,2022-01-01,2
4.73,115.98,38.11,72.45,20.97,15.22,18.1,27.53,14.79,0.48,2022-02-01,2
3.68,95.86,168.41,75.01,21.9,16.67,19.28,28.52,16.06,0.47,2022-03-01,2
1.0499999999999998,28.9968,248.76,83.35,21.96,18.6,20.28,28.13,18.56,0.46,2022-04-01,2
0.875,25.89,284.98,90.26,21.72,19.8,20.76,26.78,18.53,0.5,2022-05-01,2
1.7499999999999998,44.73792,408.88,91.85,20.69,19.13,19.91,25.89,17.56,0.54,2022-06-01,2
1.75,40.58832,293.88,89.48,21.3,19.28,20.29,26.1,17.34,0.45,2022-07-01,2
1.4,30.64656,244.13,88.76,21.21,19.01,20.11,26.3,17.44,0.47,2022-08-01,2
9.07,161.46,337.4,90.85,21.2,19.42,20.31,26.87,18.42,0.53,2022-09-01,2
4.38,88.6,353.49,91.6,20.99,19.35,20.17,25.89,17.87,0.51,2022-10-01,2
7.79,160.32,283.5,91.36,20.69,19.02,19.86,25.92,17.18,0.5,2022-11-01,2
2.905,72.326304,102.79,83.98,20.65,17.62,19.13,25.04,16.59,0.4,2022-12-01,2
65.10000000000001,1560.1589999999997,43.42,87.92,18.99,16.58,17.79,24.56,15.2,0.18,2022-01-01,1
59.185,1456.8659999999993,46.31,84.07,19.11,15.82,17.46,24.92,12.54,0.17,2022-02-01,1
21.805,514.434,222.83,84.93,20.12,16.93,18.52,27.35,14.26,0.14,2022-03-01,1
9.45,230.862,247.76,87.36,20.8,18.18,19.49,27.35,15.8,0.15,2022-04-01,1
2.625,55.9224,266.35,90.6,21.11,19.21,20.16,27.06,16.22,0.15,2022-05-01,1
3.3249999999999997,72.90624,478.87,92.94,20.24,18.82,19.53,26.71,15.3,0.15,2022-06-01,1
24.645000000000003,568.9631999999999,230.37,92.15,20.62,19.04,19.84,25.66,16.29,0.12,2022-07-01,1
45.89,1090.06,190.57,89.93,20.49,18.48,19.48,26.22,15.27,0.15,2022-08-01,1
35.95,871.26,325.22,91.01,20.74,18.95,19.84,26.33,16.89,0.15,2022-09-01,1
26.43,609.82,282.13,91.46,20.49,18.8,19.65,25.53,16.11,0.15,2022-10-01,1
40.92,960.76,341.96,92.97,20.09,18.67,19.38,25.67,15.34,0.14,2022-11-01,1
35.63,881.0699999999999,104.96,90.88,19.42,17.6,18.51,24.12,15.47,0.16,2022-12-01,1
57.81999999999998,1591.4159999999997,43.42,87.92,18.99,16.58,17.79,24.56,15.2,0.18,2022-01-01,0
57.74999999999999,1557.054,46.31,84.07,19.11,15.82,17.46,24.92,12.54,0.17,2022-02-01,0
33.495,862.2468,222.83,84.93,20.12,16.93,18.52,27.35,14.26,0.14,2022-03-01,0
70.73500000000001,1853.52,247.76,87.36,20.8,18.18,19.49,27.35,15.8,0.15,2022-04-01,0
92.85500000000005,2526.864,266.35,90.6,21.11,19.21,20.16,27.06,16.22,0.15,2022-05-01,0
74.49000000000001,2189.96952,478.87,92.94,20.24,18.82,19.53,26.71,15.3,0.15,2022-06-01,0
55.650000000000006,1922.61104,230.37,92.15,20.62,19.04,19.84,25.66,16.29,0.12,2022-07-01,0
40.95,1373.692,190.57,89.93,20.49,18.48,19.48,26.22,15.27,0.15,2022-08-01,0
42.49,1561.19,325.22,91.01,20.74,18.95,19.84,26.33,16.89,0.15,2022-09-01,0
39.87,1215.35,282.13,91.46,20.49,18.8,19.65,25.53,16.11,0.15,2022-10-01,0
29.02,826.27,341.96,92.97,20.09,18.67,19.38,25.67,15.34,0.14,2022-11-01,0
58.17,1688.85648,104.96,90.88,19.42,17.6,18.51,24.12,15.47,0.16,2022-12-01,0
43.39999999999999,1196.32512,80.76,90.2,19.22,17.27,18.24,23.81,14.71,0.16,2023-01-01,4
27.3,806.11104,87.3,88.15,19.29,16.93,18.11,25.5,13.53,0.16,2023-02-01,4
8.02,242.12488,151.59,87.55,19.78,17.24,18.51,26.88,15.29,0.16,2023-03-01,4
21.14,625.5024000000001,102.28,83.38,20.89,17.39,19.14,29.09,14.76,0.16,2023-04-01,4
39.06,1155.7296,231.09,85.51,21.93,18.95,20.44,28.39,16.99,0.14,2023-05-01,4
31.5,932.0399999999998,291.24,90.52,21.64,19.73,20.68,27.36,15.81,0.13,2023-06-01,4
55.895,1653.8508,293.25,91.8,21.23,19.55,20.39,26.35,16.89,0.12,2023-07-01,4
32.69,960.6225599999998,232.04,90.84,21.4,19.55,20.47,27.28,17.24,0.12,2023-08-01,4
60.55,1784.96016,177.24,88.68,21.45,19.12,20.28,26.95,15.9,0.13,2023-09-01,4
15.05,445.308,381.46,92.57,21.52,20.04,20.78,26.68,17.48,0.16,2023-10-01,4
22.4,662.484,294.26,93.77,21.08,19.82,20.45,26.1,16.67,0.14,2023-11-01,4
50.74999999999999,1397.2499999999998,150.04,91.62,20.66,18.99,19.82,25.7,16.68,0.16,2023-12-01,4
78.50500000000002,2119.2518399999994,80.76,90.2,19.22,17.27,18.24,23.81,14.71,0.16,2023-01-01,3
62.26499999999999,1645.6926720000008,87.3,88.15,19.29,16.93,18.11,25.5,13.53,0.16,2023-02-01,3
73.43,1825.30744,151.59,87.55,19.78,17.24,18.51,26.88,15.29,0.16,2023-03-01,3
44.98,1115.5528,102.28,83.38,20.89,17.39,19.14,29.09,14.76,0.16,2023-04-01,3
31.29,765.8469120000002,231.09,85.51,21.93,18.95,20.44,28.39,16.99,0.14,2023-05-01,3
55.09,1320.59712,291.24,90.52,21.64,19.73,20.68,27.36,15.81,0.13,2023-06-01,3
65.87,1565.8239999999998,293.25,91.8,21.23,19.55,20.39,26.35,16.89,0.12,2023-07-01,3
110.92,2646.91064,232.04,90.84,21.4,19.55,20.47,27.28,17.24,0.12,2023-08-01,3
75.36,1803.1468,177.24,88.68,21.45,19.12,20.28,26.95,15.9,0.13,2023-09-01,3
114.8,2723.876544,381.46,92.57,21.52,20.04,20.78,26.68,17.48,0.16,2023-10-01,3
85.74400000000001,3957.63608,294.26,93.77,21.08,19.82,20.45,26.1,16.67,0.14,2023-11-01,3
69.125,2088.63,150.04,91.62,20.66,18.99,19.82,25.7,16.68,0.16,2023-12-01,3
2.8,55.50816,90.92,82.85,20.56,17.31,18.94,25.39,15.58,0.46,2023-01-01,2
0.4899999999999999,10.438848,68.62,75.99,21.26,16.45,18.85,27.36,15.01,0.53,2023-02-01,2
1.988,167.0878464,151.94,80.39,21.38,17.39,19.39,28.39,16.43,0.48,2023-03-01,2
0.7,16.5696,122.64,78.95,22.3,17.97,20.13,28.72,17.57,0.47,2023-04-01,2
0.7,10.77024,239.53,82.84,22.86,19.42,21.14,29.2,18.71,0.48,2023-05-01,2
1.715,40.264128,288.04,88.12,22.34,20.02,21.18,27.67,18.57,0.46,2023-06-01,2
1.75,38.11288,376.49,87.1,22.23,19.73,20.98,27.96,18.17,0.47,2023-07-01,2
3.15,54.92822399999999,284.21,87.12,22.34,19.84,21.09,27.44,18.85,0.44,2023-08-01,2
4.375,128.82864,260.1,85.04,22.4,19.44,20.92,27.37,18.41,0.42,2023-09-01,2
4.305,89.807232,436.91,92.46,21.81,20.35,21.08,26.63,18.59,0.54,2023-10-01,2
3.1499999999999995,96.10368,293.35,90.91,21.77,20.04,20.91,26.42,18.49,0.47,2023-11-01,2
2.24,67.3992,127.1,85.7,21.92,19.19,20.56,26.68,17.46,0.44,2023-12-01,2
32.31,788.7176,80.76,90.2,19.22,17.27,18.24,23.81,14.71,0.16,2023-01-01,1
34.440000000000005,802.1343360000001,87.3,88.15,19.29,16.93,18.11,25.5,13.53,0.16,2023-02-01,1
31.745,787.3011839999999,151.59,87.55,19.78,17.24,18.51,26.88,15.29,0.16,2023-03-01,1
6.999999999999999,159.06816,102.28,83.38,20.89,17.39,19.14,29.09,14.76,0.16,2023-04-01,1
4.655,109.525056,231.09,85.51,21.93,18.95,20.44,28.39,16.99,0.14,2023-05-01,1
2.8,66.2784,291.24,90.52,21.64,19.73,20.68,27.36,15.81,0.13,2023-06-01,1
15.981000000000002,370.827248,293.25,91.8,21.23,19.55,20.39,26.35,16.89,0.12,2023-07-01,1
21.489999999999995,522.35664,232.04,90.84,21.4,19.55,20.47,27.28,17.24,0.12,2023-08-01,1
68.00500000000001,1668.7244159999998,177.24,88.68,21.45,19.12,20.28,26.95,15.9,0.13,2023-09-01,1
15.225,371.98752,381.46,92.57,21.52,20.04,20.78,26.68,17.48,0.16,2023-10-01,1
15.05,393.245472,294.26,93.77,21.08,19.82,20.45,26.1,16.67,0.14,2023-11-01,1
47.81,1131.91392,150.04,91.62,20.66,18.99,19.82,25.7,16.68,0.16,2023-12-01,1
39.06,1027.52232,80.76,90.2,19.22,17.27,18.24,23.81,14.71,0.16,2023-01-01,0
27.86,667.092096,87.3,88.15,19.29,16.93,18.11,25.5,13.53,0.16,2023-02-01,0
21.175,557.98328,151.59,87.55,19.78,17.24,18.51,26.88,15.29,0.16,2023-03-01,0
38.5,991.69056,102.28,83.38,20.89,17.39,19.14,29.09,14.76,0.16,2023-04-01,0
59.17099999999999,1559.282208,231.09,85.51,21.93,18.95,20.44,28.39,16.99,0.14,2023-05-01,0
58.415000000000006,1738.2338879999998,291.24,90.52,21.64,19.73,20.68,27.36,15.81,0.13,2023-06-01,0
28.0,742.73232,293.25,91.8,21.23,19.55,20.39,26.35,16.89,0.12,2023-07-01,0
87.696,2823.1001088,232.04,90.84,21.4,19.55,20.47,27.28,17.24,0.12,2023-08-01,0
62.384,1851.1839232,177.24,88.68,21.45,19.12,20.28,26.95,15.9,0.13,2023-09-01,0
52.12,1634.5944,381.46,92.57,21.52,20.04,20.78,26.68,17.48,0.16,2023-10-01,0
28.49,942.532896,294.26,93.77,21.08,19.82,20.45,26.1,16.67,0.14,2023-11-01,0
61.88,1826.32504,150.04,91.62,20.66,18.99,19.82,25.7,16.68,0.16,2023-12-01,0
33.6,993.6,33.88,89.62,20.49,18.46,19.48,25.79,15.93,0.16,2024-01-01,4
11.55,341.54999999999995,117.35,87.47,20.06,17.56,18.81,26.77,13.93,0.16,2024-02-01,4
11.2,331.2,64.52,81.79,21.74,17.86,19.8,30.59,14.21,0.15,2024-03-01,4
11.025,326.025,171.48,83.24,21.64,18.02,19.83,29.97,14.95,0.14,2024-04-01,4
35.77,1057.77,785.07,87.56,22.37,19.77,21.07,29.0,16.76,0.14,2024-05-01,4
48.02,1420.0200000000002,768.48,92.91,21.82,20.42,21.12,26.71,17.71,0.14,2024-06-01,4
35.595,1052.595,539.28,93.1,21.36,19.96,20.66,26.2,16.85,0.12,2024-07-01,4
41.83,1236.83,201.52,90.32,21.32,19.35,20.33,26.39,17.28,0.13,2024-08-01,4
33.25,1016.37,393.4,91.03,21.56,19.74,20.65,27.05,17.87,0.15,2024-09-01,4
12.6,393.3,384.18,93.06,21.15,19.76,20.45,26.76,17.47,0.13,2024-10-01,4
23.975,725.535,779.73,94.04,20.64,19.44,20.04,25.46,16.24,0.14,2024-11-01,4
23.975,725.535,244.65,93.15,20.12,18.73,19.42,24.69,16.22,0.14,2024-12-01,4
106.49799999999996,3128.184,33.88,89.62,20.49,18.46,19.48,25.79,15.93,0.16,2024-01-01,3
78.05,2216.2247999999995,117.35,87.47,20.06,17.56,18.81,26.77,13.93,0.16,2024-02-01,3
76.3,2164.392,64.52,81.79,21.74,17.86,19.8,30.59,14.21,0.15,2024-03-01,3
23.24,627.96,171.48,83.24,21.64,18.02,19.83,29.97,14.95,0.14,2024-04-01,3
104.37,2970.288,785.07,87.56,22.37,19.77,21.07,29.0,16.76,0.14,2024-05-01,3
66.01,1903.0752,768.48,92.91,21.82,20.42,21.12,26.71,17.71,0.14,2024-06-01,3
80.11500000000001,2761.9596,539.28,93.1,21.36,19.96,20.66,26.2,16.85,0.12,2024-07-01,3
64.68,1811.072,201.52,90.32,21.32,19.35,20.33,26.39,17.28,0.13,2024-08-01,3
97.391,2449.7953200000006,393.4,91.03,21.56,19.74,20.65,27.05,17.87,0.15,2024-09-01,3
95.42400000000004,2288.64168,384.18,93.06,21.15,19.76,20.45,26.76,17.47,0.13,2024-10-01,3
87.9508,3511.5645600000007,779.73,94.04,20.64,19.44,20.04,25.46,16.24,0.14,2024-11-01,3
104.86,2609.1108,244.65,93.15,20.12,18.73,19.42,24.69,16.22,0.14,2024-12-01,3
1.4,41.4,28.73,82.08,21.97,18.53,20.25,26.96,17.53,0.48,2024-01-01,2
0.175,5.175,100.01,78.08,22.12,17.65,19.88,29.02,15.97,0.49,2024-02-01,2
3.85,93.148,87.95,76.49,23.22,18.22,20.72,30.54,15.44,0.47,2024-03-01,2
0.7,16.56,225.71,78.99,22.79,18.4,20.6,29.4,16.75,0.5,2024-04-01,2
3.85,84.04199999999999,426.62,87.97,22.96,20.54,21.75,28.64,19.64,0.5,2024-05-01,2
3.85,84.04199999999999,728.81,92.0,22.07,20.55,21.31,26.9,18.77,0.53,2024-06-01,2
4.9,114.26,544.34,90.6,22.05,20.23,21.14,26.61,18.12,0.45,2024-07-01,2
3.325,97.29,259.96,88.49,21.99,19.72,20.86,27.17,18.97,0.45,2024-08-01,2
5.775,137.241,363.98,90.12,22.05,20.1,21.08,27.01,18.93,0.49,2024-09-01,2
4.55,102.672,421.59,91.42,21.64,20.0,20.82,26.48,18.5,0.5,2024-10-01,2
1.0499999999999998,30.429,657.99,93.19,20.94,19.64,20.29,25.33,17.98,0.52,2024-11-01,2
0.7,20.7,243.64,87.58,21.07,18.72,19.89,25.79,17.09,0.41,2024-12-01,2
40.94999999999999,1071.1835999999998,33.88,89.62,20.49,18.46,19.48,25.79,15.93,0.16,2024-01-01,1
13.859999999999998,362.49840000000006,117.35,87.47,20.06,17.56,18.81,26.77,13.93,0.16,2024-02-01,1
16.525,442.976,64.52,81.79,21.74,17.86,19.8,30.59,14.21,0.15,2024-03-01,1
10.885,269.72099999999995,171.48,83.24,21.64,18.02,19.83,29.97,14.95,0.14,2024-04-01,1
5.635,123.372,785.07,87.56,22.37,19.77,21.07,29.0,16.76,0.14,2024-05-01,1
9.282,255.25584,768.48,92.91,21.82,20.42,21.12,26.71,17.71,0.14,2024-06-01,1
20.65,473.202,539.28,93.1,21.36,19.96,20.66,26.2,16.85,0.12,2024-07-01,1
61.00499999999999,1295.6957999999995,201.52,90.32,21.32,19.35,20.33,26.39,17.28,0.13,2024-08-01,1
28.769999999999992,678.9599999999999,393.4,91.03,21.56,19.74,20.65,27.05,17.87,0.15,2024-09-01,1
8.819999999999999,202.86,384.18,93.06,21.15,19.76,20.45,26.76,17.47,0.13,2024-10-01,1
2.975,64.99799999999999,779.73,94.04,20.64,19.44,20.04,25.46,16.24,0.14,2024-11-01,1
3.5,82.8,244.65,93.15,20.12,18.73,19.42,24.69,16.22,0.14,2024-12-01,1
51.009,1659.312,33.88,89.62,20.49,18.46,19.48,25.79,15.93,0.16,2024-01-01,0
18.76,553.3524,117.35,87.47,20.06,17.56,18.81,26.77,13.93,0.16,2024-02-01,0
11.55,291.456,64.52,81.79,21.74,17.86,19.8,30.59,14.21,0.15,2024-03-01,0
19.25,482.306,171.48,83.24,21.64,18.02,19.83,29.97,14.95,0.14,2024-04-01,0
51.835,1471.77,785.07,87.56,22.37,19.77,21.07,29.0,16.76,0.14,2024-05-01,0
79.1,2394.1620000000003,768.48,92.91,21.82,20.42,21.12,26.71,17.71,0.14,2024-06-01,0
86.8,2768.422,539.28,93.1,21.36,19.96,20.66,26.2,16.85,0.12,2024-07-01,0
64.69,1738.598,201.52,90.32,21.32,19.35,20.33,26.39,17.28,0.13,2024-08-01,0
58.345,1559.331,393.4,91.03,21.56,19.74,20.65,27.05,17.87,0.15,2024-09-01,0
34.6535,1031.8039199999998,384.18,93.06,21.15,19.76,20.45,26.76,17.47,0.13,2024-10-01,0
36.50500000000001,1039.5208799999998,779.73,94.04,20.64,19.44,20.04,25.46,16.24,0.14,2024-11-01,0
21.0,660.3299999999999,244.65,93.15,20.12,18.73,19.42,24.69,16.22,0.14,2024-12-01,0
21.0,660.3299999999999,122.3,91.29,19.89,18.14,19.01,24.42,14.9,0.14,2025-01-01,4
21.0,660.3299999999999,57.69,88.61,19.99,17.7,18.85,26.03,15.61,0.15,2025-02-01,4
2.66,78.66,78.32,84.79,20.68,17.55,19.11,27.44,15.96,0.16,2025-03-01,4
22.399999999999995,640.6650000000001,342.6,87.64,20.78,18.26,19.52,27.01,16.5,0.14,2025-04-01,4
22.575,637.767,364.74,92.25,21.6,20.04,20.82,26.25,16.62,0.13,2025-05-01,4
46.13,1333.2870000000005,364.74,92.25,21.6,20.04,20.82,26.25,16.62,0.13,2025-06-01,4
0.53,7.45,122.3,91.29,19.89,18.14,19.01,24.42,14.9,0.14,2025-01-01,3
0.53,7.45,57.69,88.61,19.99,17.7,18.85,26.03,15.61,0.15,2025-02-01,3
5.640000000000001,131.9,78.32,84.79,20.68,17.55,19.11,27.44,15.96,0.16,2025-03-01,3
73.33900000000001,1802.2744800000005,342.6,87.64,20.78,18.26,19.52,27.01,16.5,0.14,2025-04-01,3
123.47999999999998,3050.5921200000003,364.74,92.25,21.6,20.04,20.82,26.25,16.62,0.13,2025-05-01,3
93.07200000000002,2304.984744,364.74,92.25,21.6,20.04,20.82,26.25,16.62,0.13,2025-06-01,3
93.07200000000002,2304.984744,112.8,84.88,20.97,18.12,19.55,25.23,16.9,0.44,2025-01-01,2
0.7,13.248,60.32,81.77,21.27,17.76,19.51,26.57,17.43,0.45,2025-02-01,2
1.4,29.808,106.03,79.12,22.1,17.85,19.97,28.61,16.83,0.49,2025-03-01,2
1.19,21.528,270.67,81.47,22.21,18.53,20.37,28.22,18.26,0.46,2025-04-01,2
2.2749999999999995,44.2152,523.81,90.11,22.23,20.32,21.27,27.17,18.17,0.48,2025-05-01,2
0.91,21.114,523.81,90.11,22.23,20.32,21.27,27.17,18.17,0.48,2025-06-01,2
0.91,21.114,122.3,91.29,19.89,18.14,19.01,24.42,14.9,0.14,2025-01-01,1
0.91,21.114,57.69,88.61,19.99,17.7,18.85,26.03,15.61,0.15,2025-02-01,1
9.240000000000002,211.968,78.32,84.79,20.68,17.55,19.11,27.44,15.96,0.16,2025-03-01,1
14.14,346.2282,342.6,87.64,20.78,18.26,19.52,27.01,16.5,0.14,2025-04-01,1
15.574999999999998,379.224,364.74,92.25,21.6,20.04,20.82,26.25,16.62,0.13,2025-05-01,1
7.209999999999999,195.822,364.74,92.25,21.6,20.04,20.82,26.25,16.62,0.13,2025-06-01,1
7.0,181.33,122.3,91.29,19.89,18.14,19.01,24.42,14.9,0.14,2025-01-01,0
7.0,181.33,57.69,88.61,19.99,17.7,18.85,26.03,15.61,0.15,2025-02-01,0
26.739999999999995,596.4084,78.32,84.79,20.68,17.55,19.11,27.44,15.96,0.16,2025-03-01,0
95.92099999999996,2446.5743999999986,342.6,87.64,20.78,18.26,19.52,27.01,16.5,0.14,2025-04-01,0
101.941,3172.63104,364.74,92.25,21.6,20.04,20.82,26.25,16.62,0.13,2025-05-01,0
94.213,3328.86636,364.74,92.25,21.6,20.04,20.82,26.25,16.62,0.13,2025-06-01,0
